,plotID,taxonID,geometry,longitude,latitude,pixel_x,pixel_y
0,HARV_001,QURU,POINT (725561.6616691683 4700522.823842847),725561.6616691683,4700522.823842847,26.0,21.0
1,HARV_001,PIST,POINT (725559.2120494116 4700526.892826108),725559.2120494116,4700526.892826108,23.0,17.0
2,HARV_001,QURU,POINT (725546.6281048183 4700526.384531194),725546.6281048183,4700526.384531194,11.0,18.0
3,HARV_001,PIST,POINT (725546.3838201977 4700518.992328343),725546.3838201977,4700518.992328343,10.0,25.0
4,HARV_001,QURU,POINT (725554.5662225614 4700520.619542635),725554.5662225614,4700520.619542635,18.0,23.0
5,HARV_011,ACRU,POINT (727080.5988340953 4704089.315820974),727080.5988340953,4704089.315820974,13.0,27.0
6,HARV_011,BELE,POINT (727085.4866831085 4704091.853394094),727085.4866831085,4704091.853394094,18.0,24.0
7,HARV_011,ACSA3,POINT (727077.008474453 4704099.587900178),727077.008474453,4704099.587900178,9.0,16.0
8,HARV_011,QUAL,POINT (727091.0868209178 4704102.331235123),727091.0868209178,4704102.331235123,23.0,14.0
9,HARV_011,ACRU,POINT (727096.6044900751 4704094.941387592),727096.6044900751,4704094.941387592,29.0,21.0
10,HARV_011,FRAM2,POINT (727094.9968826823 4704089.98139362),727094.9968826823,4704089.98139362,27.0,26.0
11,HARV_011,ACRU,POINT (727096.364778907 4704085.159706932),727096.364778907,4704085.159706932,29.0,31.0
12,HARV_011,FRAM2,POINT (727089.0240258933 4704087.338338804),727089.0240258933,4704087.338338804,21.0,29.0
13,HARV_011,ACRU,POINT (727087.5096970842 4704087.947036965),727087.5096970842,4704087.947036965,20.0,28.0
14,HARV_011,QURU,POINT (727082.845380509 4704101.206847527),727082.845380509,4704101.206847527,15.0,15.0
15,HARV_014,PIST,POINT (724773.7832268798 4705744.410856969),724773.7832268798,4705744.410856969,19.0,21.0
16,HARV_014,PIST,POINT (724768.6779545075 4705740.231462128),724768.6779545075,4705740.231462128,14.0,25.0
17,HARV_014,QURU,POINT (724785.9461955698 4705752.814004187),724785.9461955698,4705752.814004187,31.0,13.0
18,HARV_014,PIST,POINT (724776.1196009382 4705748.507542264),724776.1196009382,4705748.507542264,21.0,17.0
19,HARV_014,QUAL,POINT (724778.6840380008 4705748.483899871),724778.6840380008,4705748.483899871,24.0,17.0
20,HARV_014,PIST,POINT (724779.9848385893 4705755.193179272),724779.9848385893,4705755.193179272,25.0,10.0
21,HARV_014,QUAL,POINT (724780.262502695 4705741.605544414),724780.262502695,4705741.605544414,25.0,24.0
22,HARV_014,ACRU,POINT (724782.8822483151 4705737.098137063),724782.8822483151,4705737.098137063,28.0,28.0
23,HARV_014,PIST,POINT (724777.068037855 4705736.574512959),724777.068037855,4705736.574512959,22.0,29.0
24,HARV_014,QUAL,POINT (724771.50896655 4705751.705321393),724771.50896655,4705751.705321393,16.0,14.0
25,HARV_014,QURU,POINT (724770.7214016501 4705747.025735693),724770.7214016501,4705747.025735693,16.0,18.0
26,HARV_015,QUVE,POINT (731395.3103534812 4713457.235023812),731395.3103534812,4713457.235023812,10.0,16.0
27,HARV_015,QUVE,POINT (731407.0518311162 4713457.458284026),731407.0518311162,4713457.458284026,22.0,16.0
28,HARV_015,QUVE,POINT (731409.2474384777 4713460.639777808),731409.2474384777,4713460.639777808,24.0,13.0
29,HARV_015,QURU,POINT (731401.0332795267 4713443.353180105),731401.0332795267,4713443.353180105,16.0,30.0
30,HARV_015,QURU,POINT (731398.4844040492 4713448.482662101),731398.4844040492,4713448.482662101,14.0,25.0
31,HARV_015,QUVE,POINT (731400.9145391493 4713444.406613592),731400.9145391493,4713444.406613592,16.0,29.0
32,HARV_015,QURU,POINT (731399.9144080699 4713452.606275444),731399.9144080699,4713452.606275444,15.0,21.0
33,HARV_015,QURU,POINT (731400.8889872954 4713455.817448287),731400.8889872954,4713455.817448287,16.0,17.0
34,HARV_015,QUVE,POINT (731405.6852414517 4713445.286065615),731405.6852414517,4713445.286065615,21.0,28.0
35,HARV_015,QUVE,POINT (731402.547737589 4713456.484000791),731402.547737589,4713456.484000791,18.0,17.0
36,HARV_015,QUVE,POINT (731402.0017434169 4713462.130625375),731402.0017434169,4713462.130625375,17.0,11.0
37,HARV_015,ACRU,POINT (731412.5219542333 4713448.892901479),731412.5219542333,4713448.892901479,28.0,24.0
38,HARV_015,QURU,POINT (731411.9514648939 4713453.939151862),731411.9514648939,4713453.939151862,27.0,19.0
39,HARV_015,QURU,POINT (731406.8909413798 4713454.213916022),731406.8909413798,4713454.213916022,22.0,19.0
40,HARV_015,QUVE,POINT (731409.7377083938 4713446.427404631),731409.7377083938,4713446.427404631,25.0,27.0
41,HARV_015,QURU,POINT (731413.0072033039 4713460.218981161),731413.0072033039,4713460.218981161,28.0,13.0
42,HARV_015,QURU,POINT (731401.761188084 4713447.513510978),731401.761188084,4713447.513510978,17.0,26.0
43,HARV_015,QUVE,POINT (731400.2548617141 4713445.673517643),731400.2548617141,4713445.673517643,15.0,28.0
44,HARV_015,QUVE,POINT (731410.0980307385 4713457.07871268),731410.0980307385,4713457.07871268,25.0,16.0
45,HARV_015,QURU,POINT (731408.5703877866 4713448.055789682),731408.5703877866,4713448.055789682,24.0,25.0
46,HARV_015,QUVE,POINT (731409.4444046905 4713450.311055971),731409.4444046905,4713450.311055971,25.0,23.0
47,HARV_015,QUVE,POINT (731413.5505811133 4713461.863106202),731413.5505811133,4713461.863106202,29.0,11.0
48,HARV_015,QUVE,POINT (731405.9829842672 4713461.155445138),731405.9829842672,4713461.155445138,21.0,12.0
49,HARV_016,PIST,POINT (727599.9442646973 4704402.576578568),727599.9442646973,4704402.576578568,25.0,13.0
50,HARV_016,BEPO,POINT (727602.8181776301 4704404.579778519),727602.8181776301,4704404.579778519,28.0,11.0
51,HARV_016,BEPO,POINT (727604.1770988335 4704403.6630988335),727604.1770988335,4704403.6630988335,29.0,11.0
52,HARV_016,BEPO,POINT (727604.4591614193 4704405.147192486),727604.4591614193,4704405.147192486,30.0,10.0
53,HARV_016,FRAM2,POINT (727595.9312661855 4704389.811408767),727595.9312661855,4704389.811408767,21.0,25.0
54,HARV_016,PIST,POINT (727603.9633024164 4704391.856355808),727603.9633024164,4704391.856355808,29.0,23.0
55,HARV_016,ACRU,POINT (727597.091535111 4704386.806032603),727597.091535111,4704386.806032603,22.0,28.0
56,HARV_017,ACRU,POINT (724628.3881953992 4706877.038337667),724628.3881953992,4706877.038337667,22.0,28.0
57,HARV_017,QURU,POINT (724630.6038577183 4706881.521562262),724630.6038577183,4706881.521562262,24.0,24.0
58,HARV_017,ACRU,POINT (724634.5619510947 4706888.231514908),724634.5619510947,4706888.231514908,28.0,17.0
59,HARV_017,ACRU,POINT (724626.7639073967 4706888.927159323),724626.7639073967,4706888.927159323,20.0,16.0
60,HARV_017,ACRU,POINT (724618.6245821166 4706884.946707394),724618.6245821166,4706884.946707394,12.0,20.0
61,HARV_017,BELE,POINT (724625.9145855381 4706880.5709266495),724625.9145855381,4706880.5709266495,19.0,25.0
62,HARV_017,QUAL,POINT (724622.774 4706878.720014553),724622.774,4706878.720014553,16.0,27.0
63,HARV_017,QURU,POINT (724622.1136859847 4706881.625687209),724622.1136859847,4706881.625687209,15.0,24.0
64,HARV_022,PIST,POINT (730413.4008921186 4701790.447042998),730413.4008921186,4701790.447042998,18.0,17.0
65,HARV_022,BELE,POINT (730404.939342097 4701792.654106645),730404.939342097,4701792.654106645,9.0,15.0
66,HARV_022,PIST,POINT (730406.1688428018 4701793.847752741),730406.1688428018,4701793.847752741,11.0,14.0
67,HARV_022,PIST,POINT (730417.388956192 4701791.555088883),730417.388956192,4701791.555088883,22.0,16.0
68,HARV_022,PIST,POINT (730420.3878836863 4701794.759336508),730420.3878836863,4701794.759336508,25.0,13.0
69,HARV_022,PIST,POINT (730416.606725446 4701785.038368138),730416.606725446,4701785.038368138,21.0,23.0
70,HARV_022,PIST,POINT (730422.1604093778 4701784.162772639),730422.1604093778,4701784.162772639,27.0,24.0
71,HARV_022,PIST,POINT (730422.7460966744 4701785.780715934),730422.7460966744,4701785.780715934,27.0,22.0
72,HARV_022,PIST,POINT (730409.9310454708 4701783.740195234),730409.9310454708,4701783.740195234,14.0,24.0
73,HARV_022,PIST,POINT (730413.6856971122 4701781.570392086),730413.6856971122,4701781.570392086,18.0,26.0
74,HARV_025,PIST,POINT (724079.8169999999 4706154.611),724079.8169999999,4706154.611,13.0,32.0
75,HARV_025,FRAM2,POINT (724081.3372707922 4706160.215392325),724081.3372707922,4706160.215392325,15.0,26.0
76,HARV_025,TSCA,POINT (724095.9177218963 4706163.077018875),724095.9177218963,4706163.077018875,29.0,24.0
77,HARV_025,ACRU,POINT (724089.871750605 4706162.959822911),724089.871750605,4706162.959822911,23.0,24.0
78,HARV_025,PIST,POINT (724081.8546374018 4706169.265337782),724081.8546374018,4706169.265337782,15.0,17.0
79,HARV_025,FRAM2,POINT (724079.2698403074 4706168.81260918),724079.2698403074,4706168.81260918,13.0,18.0
80,HARV_025,FRAM2,POINT (724079.0667696845 4706167.587664709),724079.0667696845,4706167.587664709,12.0,19.0
81,HARV_025,QURU,POINT (724091.5287874186 4706164.67171362),724091.5287874186,4706164.67171362,25.0,22.0
82,HARV_026,PIST,POINT (726512.2048922608 4699053.39507006),726512.2048922608,4699053.39507006,21.0,25.0
83,HARV_026,PIST,POINT (726513.0332338602 4699060.473625789),726513.0332338602,4699060.473625789,22.0,17.0
84,HARV_026,QURU,POINT (726506.1517382917 4699060.73990222),726506.1517382917,4699060.73990222,15.0,17.0
85,HARV_026,PIST,POINT (726518.6414323715 4699047.556428344),726518.6414323715,4699047.556428344,27.0,30.0
86,HARV_026,PIST,POINT (726509.8921417439 4699046.083752742),726509.8921417439,4699046.083752742,18.0,32.0
87,HARV_026,PIST,POINT (726503.8017376976 4699053.046740567),726503.8017376976,4699053.046740567,12.0,25.0
88,HARV_026,PIRI,POINT (726510.8940158747 4699051.694634466),726510.8940158747,4699051.694634466,19.0,26.0
89,HARV_027,FRAM2,POINT (725939.888850369 4701208.519460161),725939.888850369,4701208.519460161,12.0,27.0
90,HARV_027,PIST,POINT (725946.7853272203 4701205.6761540985),725946.7853272203,4701205.6761540985,19.0,29.0
91,HARV_027,PIST,POINT (725950.9913621446 4701205.646866077),725950.9913621446,4701205.646866077,23.0,29.0
92,HARV_027,PIST,POINT (725954.2307233574 4701211.160111969),725954.2307233574,4701211.160111969,26.0,24.0
93,HARV_027,ACSA3,POINT (725951.3636388798 4701216.689635486),725951.3636388798,4701216.689635486,23.0,18.0
94,HARV_027,FRAM2,POINT (725939.4256098926 4701213.243119732),725939.4256098926,4701213.243119732,11.0,22.0
95,HARV_027,ACSA3,POINT (725941.6504507619 4701211.972383739),725941.6504507619,4701211.972383739,14.0,23.0
96,HARV_027,ACRU,POINT (725946.1421030186 4701215.5431354325),725946.1421030186,4701215.5431354325,18.0,20.0
97,HARV_027,FRAM2,POINT (725945.9826453242 4701218.398426665),725945.9826453242,4701218.398426665,18.0,17.0
98,HARV_027,PIST,POINT (725946.8188995048 4701222.638999592),725946.8188995048,4701222.638999592,19.0,12.0
99,HARV_027,FRAM2,POINT (725941.0929841544 4701221.995009269),725941.0929841544,4701221.995009269,13.0,13.0
100,HARV_033,QURU,POINT (731939.3925654043 4713406.687412432),731939.3925654043,4713406.687412432,23.0,26.0
101,HARV_033,ACRU,POINT (731937.9498815284 4713412.55735699),731937.9498815284,4713412.55735699,21.0,21.0
102,HARV_033,PIST,POINT (731932.4576783101 4713411.178118956),731932.4576783101,4713411.178118956,16.0,22.0
103,HARV_033,ACRU,POINT (731933.8015494709 4713409.78260768),731933.8015494709,4713409.78260768,17.0,23.0
104,HARV_033,PIST,POINT (731934.6431145043 4713406.711299102),731934.6431145043,4713406.711299102,18.0,26.0
105,HARV_033,ACRU,POINT (731943.9069955657 4713403.632643193),731943.9069955657,4713403.632643193,27.0,29.0
106,HARV_033,PIST,POINT (731948.5308315724 4713407.765108388),731948.5308315724,4713407.765108388,32.0,25.0
107,HARV_033,FRAM2,POINT (731947.6618748885 4713409.075919329),731947.6618748885,4713409.075919329,31.0,24.0
108,HARV_033,ACRU,POINT (731952.4761744115 4713402.676006116),731952.4761744115,4713402.676006116,36.0,30.0
109,HARV_033,QURU,POINT (731951.7345101933 4713396.413099971),731951.7345101933,4713396.413099971,35.0,37.0
110,HARV_033,PIAB,POINT (731945.7003343743 4713398.050463045),731945.7003343743,4713398.050463045,29.0,35.0
111,HARV_033,PIST,POINT (731945.1688821537 4713391.628920272),731945.1688821537,4713391.628920272,29.0,41.0
112,HARV_033,QURU,POINT (731937.9341241112 4713401.231482441),731937.9341241112,4713401.231482441,21.0,32.0
113,HARV_033,QURU,POINT (731931.7803207556 4713391.179839025),731931.7803207556,4713391.179839025,15.0,42.0
114,HARV_033,ACRU,POINT (731924.9213565583 4713396.556016176),731924.9213565583,4713396.556016176,8.0,37.0
115,HARV_033,QURU,POINT (731923.277961201 4713401.617041288),731923.277961201,4713401.617041288,7.0,31.0
116,HARV_033,QURU,POINT (731918.7188643223 4713409.6301568905),731918.7188643223,4713409.6301568905,2.0,23.0
117,HARV_033,QURU,POINT (731937.9254496328 4713397.405561011),731937.9254496328,4713397.405561011,21.0,36.0
118,HARV_033,QURU,POINT (731917.8069269168 4713404.4660757575),731917.8069269168,4713404.4660757575,1.0,29.0
119,HARV_033,QURU,POINT (731920.1262265908 4713400.39253726),731920.1262265908,4713400.39253726,4.0,33.0
120,HARV_035,BELE,POINT (731728.450191205 4713581.966823806),731728.450191205,4713581.966823806,22.0,29.0
121,HARV_035,ACRU,POINT (731734.5317054543 4713580.489599447),731734.5317054543,4713580.489599447,28.0,30.0
122,HARV_035,TSCA,POINT (731730.6326064877 4713579.8335069325),731730.6326064877,4713579.8335069325,24.0,31.0
123,HARV_035,BEPA,POINT (731728.7333313627 4713573.148482087),731728.7333313627,4713573.148482087,22.0,38.0
124,HARV_035,BELE,POINT (731733.5138747508 4713572.9952213215),731733.5138747508,4713572.9952213215,27.0,38.0
125,HARV_035,TSCA,POINT (731734.0164551971 4713579.649930945),731734.0164551971,4713579.649930945,27.0,31.0
126,HARV_035,BELE,POINT (731736.6220633077 4713579.40618845),731736.6220633077,4713579.40618845,30.0,31.0
127,HARV_035,ACRU,POINT (731738.519988398 4713577.59193933),731738.519988398,4713577.59193933,32.0,33.0
128,HARV_035,TSCA,POINT (731743.9470419467 4713574.6155604),731743.9470419467,4713574.6155604,37.0,36.0
129,HARV_035,BEPA,POINT (731742.6121283239 4713578.653443958),731742.6121283239,4713578.653443958,36.0,32.0
130,HARV_035,TSCA,POINT (731737.6019657787 4713586.979308409),731737.6019657787,4713586.979308409,31.0,24.0
131,HARV_035,BELE,POINT (731740.7070218689 4713583.773656384),731740.7070218689,4713583.773656384,34.0,27.0
132,HARV_035,TSCA,POINT (731722.4808386888 4713584.390682854),731722.4808386888,4713584.390682854,16.0,26.0
133,HARV_035,QURU,POINT (731716.487916005 4713587.8954343805),731716.487916005,4713587.8954343805,10.0,23.0
134,HARV_035,TSCA,POINT (731710.3200129329 4713588.474028119),731710.3200129329,4713588.474028119,4.0,22.0
135,HARV_035,TSCA,POINT (731710.638524924 4713587.993654854),731710.638524924,4713587.993654854,4.0,23.0
136,HARV_035,ACRU,POINT (731711.4674503478 4713584.415463313),731711.4674503478,4713584.415463313,5.0,26.0
137,HARV_035,QURU,POINT (731707.2925492525 4713584.078076679),731707.2925492525,4713584.078076679,1.0,27.0
138,HARV_035,BEPA,POINT (731712.4450427039 4713580.515215902),731712.4450427039,4713580.515215902,6.0,30.0
139,HARV_035,BELE,POINT (731707.4031189606 4713577.576395614),731707.4031189606,4713577.576395614,1.0,33.0
140,HARV_035,ACRU,POINT (731705.2975951342 4713577.518748692),731705.2975951342,4713577.518748692,0.0,33.0
141,HARV_035,BEPA,POINT (731705.2991237644 4713571.314606345),731705.2991237644,4713571.314606345,0.0,39.0
142,HARV_035,TSCA,POINT (731712.9055764744 4713574.591728864),731712.9055764744,4713574.591728864,6.0,36.0
143,HARV_035,BEPA,POINT (731717.5260757529 4713583.376637394),731717.5260757529,4713583.376637394,11.0,27.0
144,HARV_035,BELE,POINT (731717.314373142 4713575.542847437),731717.314373142,4713575.542847437,11.0,35.0
145,HARV_035,BELE,POINT (731723.276441596 4713578.184774297),731723.276441596,4713578.184774297,17.0,33.0
146,HARV_035,BELE,POINT (731741.8770506162 4713583.918281421),731741.8770506162,4713583.918281421,35.0,27.0
147,HARV_035,ACRU,POINT (731743.527221471 4713587.578628002),731743.527221471,4713587.578628002,37.0,23.0
148,HARV_035,TSCA,POINT (731738.1038237128 4713584.94512385),731738.1038237128,4713584.94512385,32.0,26.0
149,HARV_035,BELE,POINT (731737.571733313 4713584.423340187),731737.571733313,4713584.423340187,31.0,26.0
150,HARV_035,BELE,POINT (731732.9061864626 4713588.711081155),731732.9061864626,4713588.711081155,26.0,22.0
151,HARV_035,BELE,POINT (731732.4035042656 4713584.908928288),731732.4035042656,4713584.908928288,26.0,26.0
152,HARV_035,TSCA,POINT (731729.1701228503 4713586.067380995),731729.1701228503,4713586.067380995,23.0,25.0
153,HARV_035,TSCA,POINT (731729.1462790789 4713590.07604658),731729.1462790789,4713590.07604658,23.0,21.0
154,HARV_035,TSCA,POINT (731744.9843937544 4713588.126705783),731744.9843937544,4713588.126705783,38.0,23.0
155,HARV_035,BELE,POINT (731744.8549404109 4713585.529852805),731744.8549404109,4713585.529852805,38.0,25.0
156,HARV_035,ACRU,POINT (731709.7750161752 4713581.846356558),731709.7750161752,4713581.846356558,3.0,29.0
157,HARV_036,PRSE2,POINT (732123.863543293 4713841.673356161),732123.863543293,4713841.673356161,18.0,23.0
158,HARV_036,PRSE2,POINT (732119.647913106 4713837.180415144),732119.647913106,4713837.180415144,14.0,27.0
159,HARV_036,FRAM2,POINT (732109.7985169685 4713835.800466002),732109.7985169685,4713835.800466002,4.0,28.0
160,HARV_036,QURU,POINT (732124.6661858743 4713825.186512193),732124.6661858743,4713825.186512193,19.0,39.0
161,HARV_036,BELE,POINT (732111.708054618 4713828.38364952),732111.708054618,4713828.38364952,6.0,36.0
162,HARV_036,ACRU,POINT (732109.9852926036 4713826.856981344),732109.9852926036,4713826.856981344,4.0,37.0
163,HARV_036,BELE,POINT (732118.7768611443 4713827.1160422815),732118.7768611443,4713827.1160422815,13.0,37.0
164,HARV_036,BELE,POINT (732120.915462611 4713831.4753955845),732120.915462611,4713831.4753955845,15.0,33.0
165,HARV_036,BELE,POINT (732128.1352068906 4713838.601529126),732128.1352068906,4713838.601529126,22.0,26.0
166,HARV_036,ACRU,POINT (732115.6617886579 4713833.529972458),732115.6617886579,4713833.529972458,10.0,31.0
167,HARV_036,BELE,POINT (732144.4704764382 4713834.198131622),732144.4704764382,4713834.198131622,39.0,30.0
168,HARV_036,QURU,POINT (732143.2632137873 4713840.812370347),732143.2632137873,4713840.812370347,38.0,23.0
169,HARV_036,QURU,POINT (732137.8652103889 4713830.321625643),732137.8652103889,4713830.321625643,32.0,34.0
170,HARV_036,ACRU,POINT (732109.2746373368 4713829.083061832),732109.2746373368,4713829.083061832,4.0,35.0
171,HARV_036,FRAM2,POINT (732109.4166157807 4713834.626444079),732109.4166157807,4713834.626444079,4.0,30.0
172,HARV_036,ACPE,POINT (732136.1182767351 4713832.378954007),732136.1182767351,4713832.378954007,30.0,32.0
173,HARV_036,ACPE,POINT (732129.6908664807 4713844.088923417),732129.6908664807,4713844.088923417,24.0,20.0
174,HARV_037,TSCA,POINT (731638.3326491065 4713294.869095095),731638.3326491065,4713294.869095095,23.0,18.0
175,HARV_037,TSCA,POINT (731637.091764849 4713295.43272414),731637.091764849,4713295.43272414,22.0,17.0
176,HARV_037,TSCA,POINT (731640.3324427174 4713297.796321851),731640.3324427174,4713297.796321851,25.0,15.0
177,HARV_037,TSCA,POINT (731637.0087328923 4713300.58647005),731637.0087328923,4713300.58647005,22.0,12.0
178,HARV_037,TSCA,POINT (731641.2411701691 4713304.177298278),731641.2411701691,4713304.177298278,26.0,9.0
179,HARV_037,TSCA,POINT (731639.7312762665 4713304.609325641),731639.7312762665,4713304.609325641,25.0,8.0
180,HARV_037,TSCA,POINT (731639.0947427981 4713310.095573629),731639.0947427981,4713310.095573629,24.0,3.0
181,HARV_037,TSCA,POINT (731641.6030803077 4713308.777403574),731641.6030803077,4713308.777403574,26.0,4.0
182,HARV_037,TSCA,POINT (731644.7719134705 4713313.554846925),731644.7719134705,4713313.554846925,30.0,0.0
183,HARV_037,TSCA,POINT (731641.3244562461 4713311.418348595),731641.3244562461,4713311.418348595,26.0,1.0
184,HARV_037,TSCA,POINT (731646.4899826117 4713313.371623068),731646.4899826117,4713313.371623068,31.0,0.0
185,HARV_037,ACRU,POINT (731649.5293165832 4713308.678305329),731649.5293165832,4713308.678305329,34.0,4.0
186,HARV_037,TSCA,POINT (731649.7317951386 4713310.8016211325),731649.7317951386,4713310.8016211325,35.0,2.0
187,HARV_037,TSCA,POINT (731651.0605682245 4713301.847457606),731651.0605682245,4713301.847457606,36.0,11.0
188,HARV_037,BEAL2,POINT (731649.3848732309 4713294.852937052),731649.3848732309,4713294.852937052,34.0,18.0
189,HARV_037,ACRU,POINT (731652.2673833657 4713296.610375054),731652.2673833657,4713296.610375054,37.0,16.0
190,HARV_037,TSCA,POINT (731655.4603039831 4713298.698384631),731655.4603039831,4713298.698384631,40.0,14.0
191,HARV_037,TSCA,POINT (731657.7767748112 4713299.093522836),731657.7767748112,4713299.093522836,43.0,14.0
192,HARV_037,ACRU,POINT (731654.0845556306 4713293.806657838),731654.0845556306,4713293.806657838,39.0,19.0
193,HARV_037,TSCA,POINT (731655.8137958073 4713290.26051215),731655.8137958073,4713290.26051215,41.0,22.0
194,HARV_037,QURU,POINT (731641.3758079974 4713286.803740238),731641.3758079974,4713286.803740238,26.0,26.0
195,HARV_037,TSCA,POINT (731640.9759327087 4713289.635469493),731640.9759327087,4713289.635469493,26.0,23.0
196,HARV_037,TSCA,POINT (731636.2714361079 4713288.127088729),731636.2714361079,4713288.127088729,21.0,25.0
197,HARV_037,ACRU,POINT (731638.7254384505 4713285.743729227),731638.7254384505,4713285.743729227,24.0,27.0
198,HARV_037,ACRU,POINT (731642.1100783796 4713281.939150191),731642.1100783796,4713281.939150191,27.0,31.0
199,HARV_037,QURU,POINT (731638.5758086198 4713277.562658289),731638.5758086198,4713277.562658289,23.0,35.0
200,HARV_037,TSCA,POINT (731642.6173560239 4713278.352093282),731642.6173560239,4713278.352093282,27.0,34.0
201,HARV_037,ACRU,POINT (731644.2637926093 4713281.343941897),731644.2637926093,4713281.343941897,29.0,31.0
202,HARV_037,FRAM2,POINT (731647.8632899779 4713275.700801866),731647.8632899779,4713275.700801866,33.0,37.0
203,HARV_037,ACRU,POINT (731648.4836948866 4713283.4409011975),731648.4836948866,4713283.4409011975,33.0,29.0
204,HARV_037,ACRU,POINT (731653.6378392932 4713280.490029827),731653.6378392932,4713280.490029827,38.0,32.0
205,HARV_038,ACRU,POINT (731750.4784374351 4713304.712601518),731750.4784374351,4713304.712601518,17.0,15.0
206,HARV_038,ACRU,POINT (731750.7383788693 4713305.5040857885),731750.7383788693,4713305.5040857885,17.0,14.0
207,HARV_038,ACRU,POINT (731748.1518960373 4713305.169663073),731748.1518960373,4713305.169663073,14.0,14.0
208,HARV_038,ACRU,POINT (731753.4132146167 4713311.257984848),731753.4132146167,4713311.257984848,20.0,8.0
209,HARV_038,ACRU,POINT (731747.0087268136 4713300.367354786),731747.0087268136,4713300.367354786,13.0,19.0
210,HARV_038,ACRU,POINT (731741.4671662383 4713300.14218806),731741.4671662383,4713300.14218806,8.0,19.0
211,HARV_038,ACRU,POINT (731744.8017894474 4713297.991077302),731744.8017894474,4713297.991077302,11.0,22.0
212,HARV_038,QURU,POINT (731746.7412809628 4713298.110039234),731746.7412809628,4713298.110039234,13.0,21.0
213,HARV_038,ACRU,POINT (731739.924321326 4713298.868568241),731739.924321326,4713298.868568241,6.0,21.0
214,HARV_038,ACRU,POINT (731764.7972429388 4713289.962945378),731764.7972429388,4713289.962945378,31.0,30.0
215,HARV_038,ACRU,POINT (731764.6748297055 4713290.507661984),731764.6748297055,4713290.507661984,31.0,29.0
216,HARV_038,QURU,POINT (731770.1303432824 4713294.247357228),731770.1303432824,4713294.247357228,36.0,25.0
217,HARV_038,QURU,POINT (731764.7903595248 4713297.305978582),731764.7903595248,4713297.305978582,31.0,22.0
218,HARV_038,ACRU,POINT (731759.2470485939 4713297.561096763),731759.2470485939,4713297.561096763,26.0,22.0
219,HARV_038,ACRU,POINT (731758.6276780793 4713291.254902576),731758.6276780793,4713291.254902576,25.0,28.0
220,HARV_038,ACRU,POINT (731753.8389690167 4713298.657245406),731753.8389690167,4713298.657245406,20.0,21.0
221,HARV_038,BEAL2,POINT (731761.0607228159 4713281.523252996),731761.0607228159,4713281.523252996,27.0,38.0
222,HARV_038,QURU,POINT (731758.5438244409 4713281.220920129),731758.5438244409,4713281.220920129,25.0,38.0
223,HARV_038,ACRU,POINT (731758.4309051634 4713279.906492912),731758.4309051634,4713279.906492912,25.0,40.0
224,HARV_038,ACRU,POINT (731754.7257131697 4713276.8099415),731754.7257131697,4713276.8099415,21.0,43.0
225,HARV_039,QURU,POINT (731771.0844150413 4712851.684611319),731771.0844150413,4712851.684611319,8.0,13.0
226,HARV_039,QURU,POINT (731763.1725531927 4712845.088351529),731763.1725531927,4712845.088351529,0.0,20.0
227,HARV_039,ACRU,POINT (731763.8543446504 4712854.788883406),731763.8543446504,4712854.788883406,0.0,10.0
228,HARV_039,ACRU,POINT (731763.5924120886 4712861.970814288),731763.5924120886,4712861.970814288,0.0,3.0
229,HARV_039,QURU,POINT (731765.2940622688 4712864.694497208),731765.2940622688,4712864.694497208,2.0,0.0
230,HARV_039,QURU,POINT (731775.5851961549 4712855.745510712),731775.5851961549,4712855.745510712,12.0,9.0
231,HARV_039,QURU,POINT (731774.9067699349 4712863.254681139),731774.9067699349,4712863.254681139,12.0,1.0
232,HARV_039,QURU,POINT (731786.5454877004 4712846.363759462),731786.5454877004,4712846.363759462,23.0,18.0
233,HARV_039,QURU,POINT (731788.86725101 4712846.522848285),731788.86725101,4712846.522848285,25.0,18.0
234,HARV_039,QURU,POINT (731787.1059721631 4712850.219369791),731787.1059721631,4712850.219369791,24.0,14.0
235,HARV_039,QURU,POINT (731789.8539853515 4712854.885717896),731789.8539853515,4712854.885717896,26.0,10.0
236,HARV_039,QURU,POINT (731788.8675002422 4712852.398071935),731788.8675002422,4712852.398071935,25.0,12.0
237,HARV_039,QURU,POINT (731789.9602245557 4712851.83925698),731789.9602245557,4712851.83925698,27.0,13.0
238,HARV_039,QURU,POINT (731788.8127967118 4712849.513949289),731788.8127967118,4712849.513949289,25.0,15.0
239,HARV_039,QURU,POINT (731789.8593329182 4712848.088533272),731789.8593329182,4712848.088533272,26.0,17.0
240,HARV_039,BEPA,POINT (731794.5871283243 4712851.232322723),731794.5871283243,4712851.232322723,31.0,13.0
241,HARV_039,QURU,POINT (731796.6759505323 4712853.497363955),731796.6759505323,4712853.497363955,33.0,11.0
242,HARV_039,QURU,POINT (731803.1365031576 4712847.709808362),731803.1365031576,4712847.709808362,40.0,17.0
243,HARV_039,QURU,POINT (731794.9810297935 4712861.263031905),731794.9810297935,4712861.263031905,32.0,3.0
244,HARV_039,QURU,POINT (731798.5874076246 4712864.708680104),731798.5874076246,4712864.708680104,35.0,0.0
245,HARV_039,QURU,POINT (731804.2757025626 4712851.733991014),731804.2757025626,4712851.733991014,41.0,13.0
246,HARV_040,TSCA,POINT (731903.8778797422 4713610.692076997),731903.8778797422,4713610.692076997,20.0,1.0
247,HARV_040,ACRU,POINT (731903.4300295213 4713610.046335204),731903.4300295213,4713610.046335204,20.0,2.0
248,HARV_040,NYSY,POINT (731909.6691649875 4713603.328221687),731909.6691649875,4713603.328221687,26.0,8.0
249,HARV_040,ACRU,POINT (731911.9330874373 4713605.748159834),731911.9330874373,4713605.748159834,28.0,6.0
250,HARV_040,ACRU,POINT (731913.5812571963 4713609.725654657),731913.5812571963,4713609.725654657,30.0,2.0
251,HARV_040,ACRU,POINT (731919.4139304034 4713610.761839232),731919.4139304034,4713610.761839232,36.0,1.0
252,HARV_040,TSCA,POINT (731917.5780244302 4713605.941540137),731917.5780244302,4713605.941540137,34.0,6.0
253,HARV_040,TSCA,POINT (731919.195951432 4713603.253066971),731919.195951432,4713603.253066971,36.0,8.0
254,HARV_040,PIST,POINT (731917.9319459159 4713596.252767965),731917.9319459159,4713596.252767965,34.0,15.0
255,HARV_040,ACRU,POINT (731917.666877761 4713595.704610148),731917.666877761,4713595.704610148,34.0,16.0
256,HARV_040,ACRU,POINT (731911.7949340028 4713595.632312333),731911.7949340028,4713595.632312333,28.0,16.0
257,HARV_040,ACRU,POINT (731910.3252974655 4713593.77408174),731910.3252974655,4713593.77408174,27.0,18.0
258,HARV_040,BEAL2,POINT (731909.062752459 4713594.580753195),731909.062752459,4713594.580753195,25.0,17.0
259,HARV_040,BEAL2,POINT (731904.6441584608 4713588.076356736),731904.6441584608,4713588.076356736,21.0,24.0
260,HARV_040,BEAL2,POINT (731911.1446835187 4713587.542157852),731911.1446835187,4713587.542157852,28.0,24.0
261,HARV_040,ACRU,POINT (731913.0104219523 4713575.020992489),731913.0104219523,4713575.020992489,29.0,37.0
262,HARV_040,ACRU,POINT (731911.7414247799 4713576.740108937),731911.7414247799,4713576.740108937,28.0,35.0
263,HARV_040,ACRU,POINT (731909.2058736661 4713577.787183907),731909.2058736661,4713577.787183907,26.0,34.0
264,HARV_040,BEAL2,POINT (731908.9907922028 4713575.965305341),731908.9907922028,4713575.965305341,25.0,36.0
265,HARV_040,BEAL2,POINT (731907.6254944477 4713575.12788952),731907.6254944477,4713575.12788952,24.0,37.0
266,HARV_040,BELE,POINT (731904.5717879147 4713576.090510619),731904.5717879147,4713576.090510619,21.0,36.0
267,HARV_040,BEAL2,POINT (731905.7543442642 4713582.775006192),731905.7543442642,4713582.775006192,22.0,29.0
268,HARV_040,ACRU,POINT (731909.5832923906 4713583.6886977125),731909.5832923906,4713583.6886977125,26.0,28.0
269,HARV_040,BEAL2,POINT (731911.2791193879 4713585.200414826),731911.2791193879,4713585.200414826,28.0,26.0
270,HARV_040,BEAL2,POINT (731912.6735775301 4713583.569504851),731912.6735775301,4713583.569504851,29.0,28.0
271,HARV_040,ACRU,POINT (731917.3250471558 4713586.776127625),731917.3250471558,4713586.776127625,34.0,25.0
272,HARV_040,BEAL2,POINT (731919.1403545907 4713578.192529227),731919.1403545907,4713578.192529227,36.0,34.0
273,HARV_040,PIST,POINT (731921.4814563845 4713576.468802223),731921.4814563845,4713576.468802223,38.0,35.0
274,HARV_040,PIST,POINT (731922.0047613619 4713605.359398725),731922.0047613619,4713605.359398725,38.0,6.0
275,HARV_041,TSCA,POINT (731520.119951378 4713228.863711801),731520.119951378,4713228.863711801,25.0,23.0
276,HARV_041,TSCA,POINT (731525.8307513153 4713229.851666205),731525.8307513153,4713229.851666205,31.0,22.0
277,HARV_041,ACRU,POINT (731523.7110453182 4713228.157760699),731523.7110453182,4713228.157760699,28.0,23.0
278,HARV_041,QURU,POINT (731529.1071039597 4713225.5663346695),731529.1071039597,4713225.5663346695,34.0,26.0
279,HARV_041,ACRU,POINT (731531.8598707988 4713227.923926204),731531.8598707988,4713227.923926204,37.0,24.0
280,HARV_041,TSCA,POINT (731533.311176148 4713221.497186869),731533.311176148,4713221.497186869,38.0,30.0
281,HARV_041,TSCA,POINT (731534.6198821181 4713218.817743418),731534.6198821181,4713218.817743418,39.0,33.0
282,HARV_041,TSCA,POINT (731527.1661572527 4713223.900620557),731527.1661572527,4713223.900620557,32.0,28.0
283,HARV_041,TSCA,POINT (731524.8095172173 4713212.790533935),731524.8095172173,4713212.790533935,30.0,39.0
284,HARV_041,TSCA,POINT (731528.0950044495 4713218.506678175),731528.0950044495,4713218.506678175,33.0,33.0
285,HARV_041,TSCA,POINT (731523.7345726006 4713218.896815239),731523.7345726006,4713218.896815239,28.0,33.0
286,HARV_041,PIST,POINT (731521.3312181225 4713221.589546433),731521.3312181225,4713221.589546433,26.0,30.0
287,HARV_041,ACRU,POINT (731515.1688295425 4713218.596826447),731515.1688295425,4713218.596826447,20.0,33.0
288,HARV_041,PIAB,POINT (731516.608236116 4713215.631838321),731516.608236116,4713215.631838321,21.0,36.0
289,HARV_041,TSCA,POINT (731515.2828487232 4713228.47006336),731515.2828487232,4713228.47006336,20.0,23.0
290,HARV_041,BELE,POINT (731497.5974523055 4713235.64967378),731497.5974523055,4713235.64967378,2.0,16.0
291,HARV_041,NYSY,POINT (731496.2915820414 4713239.193340939),731496.2915820414,4713239.193340939,1.0,12.0
292,HARV_041,BEPA,POINT (731506.0149174832 4713238.670570472),731506.0149174832,4713238.670570472,11.0,13.0
293,HARV_041,ACRU,POINT (731506.2579597402 4713233.241041884),731506.2579597402,4713233.241041884,11.0,18.0
294,HARV_041,QUAL,POINT (731507.8580436517 4713236.477624321),731507.8580436517,4713236.477624321,13.0,15.0
295,HARV_041,ACRU,POINT (731513.0145157793 4713242.75172416),731513.0145157793,4713242.75172416,18.0,9.0
296,HARV_041,TSCA,POINT (731509.0242464687 4713247.182861053),731509.0242464687,4713247.182861053,14.0,4.0
297,HARV_041,QURU,POINT (731505.9119792646 4713244.002371299),731505.9119792646,4713244.002371299,11.0,7.0
298,HARV_041,BELE,POINT (731503.0190701388 4713246.261296547),731503.0190701388,4713246.261296547,8.0,5.0
299,HARV_041,BELE,POINT (731502.5942502993 4713241.424309242),731502.5942502993,4713241.424309242,7.0,10.0
300,HARV_041,ACRU,POINT (731499.4492400669 4713241.280158291),731499.4492400669,4713241.280158291,4.0,10.0
301,HARV_041,BELE,POINT (731496.2278239342 4713244.949701892),731496.2278239342,4713244.949701892,1.0,7.0
302,HARV_041,NYSY,POINT (731494.9824721261 4713246.903153262),731494.9824721261,4713246.903153262,0.0,5.0
303,HARV_041,ACRU,POINT (731515.1685635181 4713212.804857425),731515.1685635181,4713212.804857425,20.0,39.0
304,HARV_041,ACRU,POINT (731500.8010220848 4713231.095307262),731500.8010220848,4713231.095307262,6.0,20.0
305,HARV_041,ACRU,POINT (731535.2378545267 4713223.806011537),731535.2378545267,4713223.806011537,40.0,28.0
306,HARV_041,ACRU,POINT (731531.1628602544 4713231.358732906),731531.1628602544,4713231.358732906,36.0,20.0
307,HARV_041,ACRU,POINT (731515.0775660605 4713212.731799291),731515.0775660605,4713212.731799291,20.0,39.0
308,HARV_042,QURU,POINT (731873.4662521187 4712968.207260534),731873.4662521187,4712968.207260534,20.0,3.0
309,HARV_042,QURU,POINT (731878.2023606214 4712967.425678721),731878.2023606214,4712967.425678721,25.0,4.0
310,HARV_042,QURU,POINT (731884.6347119357 4712971.934632717),731884.6347119357,4712971.934632717,31.0,0.0
311,HARV_042,PIST,POINT (731885.3022780668 4712967.12772161),731885.3022780668,4712967.12772161,32.0,5.0
312,HARV_042,QURU,POINT (731891.2561813316 4712956.312530916),731891.2561813316,4712956.312530916,38.0,15.0
313,HARV_042,PIST,POINT (731888.3954097697 4712955.454103739),731888.3954097697,4712955.454103739,35.0,16.0
314,HARV_042,PIST,POINT (731883.4258442369 4712961.692990214),731883.4258442369,4712961.692990214,30.0,10.0
315,HARV_042,QURU,POINT (731884.7639587447 4712959.851524222),731884.7639587447,4712959.851524222,31.0,12.0
316,HARV_042,QURU,POINT (731878.2583663758 4712962.744475142),731878.2583663758,4712962.744475142,25.0,9.0
317,HARV_042,QURU,POINT (731879.5856018742 4712953.496112847),731879.5856018742,4712953.496112847,26.0,18.0
318,HARV_042,QURU,POINT (731879.7120463927 4712955.758832949),731879.7120463927,4712955.758832949,26.0,16.0
319,HARV_042,QURU,POINT (731873.0146407132 4712960.368073978),731873.0146407132,4712960.368073978,20.0,11.0
320,HARV_042,PIST,POINT (731866.449726004 4712954.10409679),731866.449726004,4712954.10409679,13.0,18.0
321,HARV_042,PIST,POINT (731869.6153508759 4712951.8118698215),731869.6153508759,4712951.8118698215,16.0,20.0
322,HARV_042,PIST,POINT (731871.5019873951 4712952.832559322),731871.5019873951,4712952.832559322,18.0,19.0
323,HARV_042,QURU,POINT (731871.5617183549 4712956.824405643),731871.5617183549,4712956.824405643,18.0,15.0
324,HARV_042,PIST,POINT (731867.3874311529 4712965.568389432),731867.3874311529,4712965.568389432,14.0,6.0
325,HARV_042,QURU,POINT (731856.961841111 4712970.466548038),731856.961841111,4712970.466548038,4.0,1.0
326,HARV_042,QURU,POINT (731856.3493910006 4712965.849801731),731856.3493910006,4712965.849801731,3.0,6.0
327,HARV_042,QURU,POINT (731862.3064370645 4712962.320826178),731862.3064370645,4712962.320826178,9.0,9.0
328,HARV_042,QURU,POINT (731862.2422605213 4712959.798261544),731862.2422605213,4712959.798261544,9.0,12.0
329,HARV_042,QURU,POINT (731857.77897104 4712953.502771657),731857.77897104,4712953.502771657,4.0,18.0
330,HARV_043,FAGR,POINT (731833.2750452455 4713700.488391702),731833.2750452455,4713700.488391702,7.0,33.0
331,HARV_043,TSCA,POINT (731832.6309992087 4713700.253737588),731832.6309992087,4713700.253737588,6.0,33.0
332,HARV_043,ACRU,POINT (731831.5450227716 4713698.814260939),731831.5450227716,4713698.814260939,5.0,35.0
333,HARV_043,ACRU,POINT (731834.8441098902 4713724.563399682),731834.8441098902,4713724.563399682,8.0,9.0
334,HARV_043,ACRU,POINT (731835.9266216884 4713726.262602839),731835.9266216884,4713726.262602839,10.0,7.0
335,HARV_043,QURU,POINT (731840.4304251918 4713732.956117086),731840.4304251918,4713732.956117086,14.0,1.0
336,HARV_043,TSCA,POINT (731830.0556017851 4713730.410096004),731830.0556017851,4713730.410096004,4.0,3.0
337,HARV_043,QURU,POINT (731829.2906927206 4713732.381192392),731829.2906927206,4713732.381192392,3.0,1.0
338,HARV_043,QURU,POINT (731828.5560344093 4713729.525399239),731828.5560344093,4713729.525399239,2.0,4.0
339,HARV_043,TSCA,POINT (731826.6953531116 4713730.205081375),731826.6953531116,4713730.205081375,0.0,3.0
340,HARV_043,ACRU,POINT (731831.1496813808 4713724.327733016),731831.1496813808,4713724.327733016,5.0,9.0
341,HARV_043,ACRU,POINT (731831.2826122503 4713720.7694543945),731831.2826122503,4713720.7694543945,5.0,13.0
342,HARV_043,PIST,POINT (731837.5817398285 4713722.086168365),731837.5817398285,4713722.086168365,11.0,11.0
343,HARV_043,TSCA,POINT (731839.5713744874 4713721.484842079),731839.5713744874,4713721.484842079,13.0,12.0
344,HARV_043,TSCA,POINT (731845.1938329116 4713715.786432122),731845.1938329116,4713715.786432122,19.0,18.0
345,HARV_043,TSCA,POINT (731839.8195515422 4713715.004379246),731839.8195515422,4713715.004379246,13.0,18.0
346,HARV_043,QURU,POINT (731840.1331912839 4713708.315793854),731840.1331912839,4713708.315793854,14.0,25.0
347,HARV_043,TSCA,POINT (731828.7663307843 4713712.704987067),731828.7663307843,4713712.704987067,2.0,21.0
348,HARV_043,BELE,POINT (731826.3343946637 4713712.0698237885),731826.3343946637,4713712.0698237885,0.0,21.0
349,HARV_043,BELE,POINT (731833.8669569362 4713707.088837374),731833.8669569362,4713707.088837374,7.0,26.0
350,HARV_043,QURU,POINT (731840.4355871541 4713693.989332971),731840.4355871541,4713693.989332971,14.0,40.0
351,HARV_043,TSCA,POINT (731834.4286310194 4713703.549774423),731834.4286310194,4713703.549774423,8.0,30.0
352,HARV_043,TSCA,POINT (731836.6845773578 4713699.914077962),731836.6845773578,4713699.914077962,10.0,34.0
353,HARV_044,BEAL2,POINT (731860.2492365936 4713084.458377097),731860.2492365936,4713084.458377097,6.0,21.0
354,HARV_044,ACRU,POINT (731859.012213657 4713066.879619424),731859.012213657,4713066.879619424,5.0,39.0
355,HARV_044,ACRU,POINT (731861.0252237649 4713072.838870889),731861.0252237649,4713072.838870889,7.0,33.0
356,HARV_044,ACRU,POINT (731859.0374799673 4713077.396028114),731859.0374799673,4713077.396028114,5.0,28.0
357,HARV_044,BEPA,POINT (731861.899914944 4713078.458932448),731861.899914944,4713078.458932448,8.0,27.0
358,HARV_044,ACRU,POINT (731870.2094121397 4713066.741693392),731870.2094121397,4713066.741693392,16.0,39.0
359,HARV_044,ACRU,POINT (731867.4921517449 4713071.036157538),731867.4921517449,4713071.036157538,13.0,34.0
360,HARV_044,BEAL2,POINT (731871.9161975295 4713075.638820064),731871.9161975295,4713075.638820064,18.0,30.0
361,HARV_044,ACRU,POINT (731867.4732268421 4713079.332956895),731867.4732268421,4713079.332956895,13.0,26.0
362,HARV_044,BEPA,POINT (731869.0917853737 4713079.496591106),731869.0917853737,4713079.496591106,15.0,26.0
363,HARV_044,ACRU,POINT (731874.0382878429 4713084.339509412),731874.0382878429,4713084.339509412,20.0,21.0
364,HARV_044,ACRU,POINT (731878.9097301088 4713095.938587009),731878.9097301088,4713095.938587009,25.0,10.0
365,HARV_044,ACRU,POINT (731878.6379390877 4713093.212005356),731878.6379390877,4713093.212005356,25.0,12.0
366,HARV_044,BEAL2,POINT (731874.8169874331 4713090.357893217),731874.8169874331,4713090.357893217,21.0,15.0
367,HARV_044,ACRU,POINT (731877.4274900932 4713088.40175198),731877.4274900932,4713088.40175198,23.0,17.0
368,HARV_044,BEPA,POINT (731880.4255688172 4713085.655488686),731880.4255688172,4713085.655488686,26.0,20.0
369,HARV_044,ACRU,POINT (731884.8681748414 4713088.040205293),731884.8681748414,4713088.040205293,31.0,17.0
370,HARV_044,QURU,POINT (731893.0592316908 4713086.271074606),731893.0592316908,4713086.271074606,39.0,19.0
371,HARV_044,ACRU,POINT (731882.6115290824 4713092.07190403),731882.6115290824,4713092.07190403,29.0,13.0
372,HARV_044,ACRU,POINT (731887.6242451034 4713092.748928618),731887.6242451034,4713092.748928618,34.0,13.0
373,HARV_044,ACRU,POINT (731885.7770885082 4713096.344204427),731885.7770885082,4713096.344204427,32.0,9.0
374,HARV_044,ACRU,POINT (731886.6795205 4713097.039170617),731886.6795205,4713097.039170617,33.0,8.0
375,HARV_044,ACRU,POINT (731890.8782091091 4713095.561073517),731890.8782091091,4713095.561073517,37.0,10.0
376,HARV_044,BEPA,POINT (731888.3641635991 4713102.426387537),731888.3641635991,4713102.426387537,34.0,3.0
377,HARV_044,ACRU,POINT (731886.9350705622 4713104.911191562),731886.9350705622,4713104.911191562,33.0,1.0
378,HARV_044,QURU,POINT (731894.2888378088 4713106.2416685065),731894.2888378088,4713106.2416685065,40.0,0.0
379,HARV_044,ACRU,POINT (731893.7594816216 4713095.796822247),731893.7594816216,4713095.796822247,40.0,10.0
380,HARV_044,BEPA,POINT (731866.3180440783 4713065.02873137),731866.3180440783,4713065.02873137,12.0,40.0
381,HARV_044,ACRU,POINT (731859.8423920119 4713067.595981398),731859.8423920119,4713067.595981398,6.0,38.0
382,HARV_045,QURU,POINT (732261.0113462793 4713831.262218735),732261.0113462793,4713831.262218735,5.0,33.0
383,HARV_045,QURU,POINT (732272.9556189402 4713827.034130584),732272.9556189402,4713827.034130584,17.0,37.0
384,HARV_045,QURU,POINT (732274.5902953384 4713826.974586759),732274.5902953384,4713826.974586759,18.0,37.0
385,HARV_045,QURU,POINT (732272.6626655525 4713825.287074446),732272.6626655525,4713825.287074446,16.0,39.0
386,HARV_045,PIST,POINT (732262.5409995848 4713826.528726812),732262.5409995848,4713826.528726812,6.0,38.0
387,HARV_045,QURU,POINT (732264.021513599 4713828.379782554),732264.021513599,4713828.379782554,8.0,36.0
388,HARV_045,QURU,POINT (732263.7091982893 4713829.820061023),732263.7091982893,4713829.820061023,8.0,34.0
389,HARV_045,QURU,POINT (732259.5069902539 4713834.984648247),732259.5069902539,4713834.984648247,3.0,29.0
390,HARV_045,QURU,POINT (732257.4633291496 4713837.392699317),732257.4633291496,4713837.392699317,1.0,27.0
391,HARV_045,ACRU,POINT (732263.5485412799 4713835.569804252),732263.5485412799,4713835.569804252,7.0,29.0
392,HARV_045,QURU,POINT (732269.7604517723 4713842.579792393),732269.7604517723,4713842.579792393,14.0,22.0
393,HARV_045,QURU,POINT (732268.387825302 4713837.036863397),732268.387825302,4713837.036863397,12.0,27.0
394,HARV_045,BELE,POINT (732276.7011580849 4713839.815704112),732276.7011580849,4713839.815704112,21.0,24.0
395,HARV_045,QURU,POINT (732280.2340388547 4713838.102834481),732280.2340388547,4713838.102834481,24.0,26.0
396,HARV_045,QURU,POINT (732285.3302153961 4713826.031212248),732285.3302153961,4713826.031212248,29.0,38.0
397,HARV_045,QURU,POINT (732282.7830624422 4713830.215367079),732282.7830624422,4713830.215367079,27.0,34.0
398,HARV_045,ACRU,POINT (732289.8559736756 4713832.764447323),732289.8559736756,4713832.764447323,34.0,31.0
399,HARV_045,QURU,POINT (732291.7145639982 4713835.080715299),732291.7145639982,4713835.080715299,36.0,29.0
400,HARV_045,QURU,POINT (732289.126613778 4713838.35946874),732289.126613778,4713838.35946874,33.0,26.0
401,HARV_045,QURU,POINT (732278.182246115 4713823.496589286),732278.182246115,4713823.496589286,22.0,41.0
402,HARV_045,QURU,POINT (732292.0838029973 4713839.2658739565),732292.0838029973,4713839.2658739565,36.0,25.0
403,HARV_045,QURU,POINT (732292.9263078492 4713844.054730579),732292.9263078492,4713844.054730579,37.0,20.0
404,HARV_046,ACRU,POINT (731503.5768207943 4713344.6553270025),731503.5768207943,4713344.6553270025,8.0,31.0
405,HARV_046,ACRU,POINT (731498.9007173197 4713336.311490322),731498.9007173197,4713336.311490322,3.0,39.0
406,HARV_046,NYSY,POINT (731502.2464353932 4713338.960709417),731502.2464353932,4713338.960709417,7.0,36.0
407,HARV_046,BEAL2,POINT (731503.9582005073 4713337.34819992),731503.9582005073,4713337.34819992,8.0,38.0
408,HARV_046,ACRU,POINT (731508.0663566204 4713337.726762086),731508.0663566204,4713337.726762086,13.0,37.0
409,HARV_046,BEAL2,POINT (731511.2917569925 4713336.6058990015),731511.2917569925,4713336.6058990015,16.0,39.0
410,HARV_046,ACRU,POINT (731510.0050242009 4713337.79254664),731510.0050242009,4713337.79254664,15.0,37.0
411,HARV_046,ACRU,POINT (731506.0061029156 4713347.888301542),731506.0061029156,4713347.888301542,11.0,27.0
412,HARV_046,ACRU,POINT (731509.4593458496 4713347.14503122),731509.4593458496,4713347.14503122,14.0,28.0
413,HARV_046,ACRU,POINT (731512.2614731024 4713346.673818697),731512.2614731024,4713346.673818697,17.0,29.0
414,HARV_046,ACRU,POINT (731503.4839397188 4713347.92372362),731503.4839397188,4713347.92372362,8.0,27.0
415,HARV_046,ACRU,POINT (731494.517469869 4713352.061059917),731494.517469869,4713352.061059917,0.0,23.0
416,HARV_046,NYSY,POINT (731497.7892926 4713349.869729898),731497.7892926,4713349.869729898,2.0,25.0
417,HARV_046,PIST,POINT (731500.8751393047 4713351.581697471),731500.8751393047,4713351.581697471,5.0,24.0
418,HARV_046,ACRU,POINT (731530.9204941989 4713357.124469665),731530.9204941989,4713357.124469665,35.0,18.0
419,HARV_046,ACRU,POINT (731534.1015727164 4713362.96008758),731534.1015727164,4713362.96008758,39.0,12.0
420,HARV_046,ACRU,POINT (731531.6381954806 4713363.240801676),731531.6381954806,4713363.240801676,36.0,12.0
421,HARV_046,ACRU,POINT (731531.8166166256 4713368.467267231),731531.8166166256,4713368.467267231,36.0,7.0
422,HARV_046,ACRU,POINT (731521.2286518724 4713361.511935711),731521.2286518724,4713361.511935711,26.0,14.0
423,HARV_046,NYSY,POINT (731534.7669074934 4713357.229277512),731534.7669074934,4713357.229277512,39.0,18.0
424,HARV_047,QUVE,POINT (731914.3471640741 4713230.648321974),731914.3471640741,4713230.648321974,0.0,22.0
425,HARV_047,QUVE,POINT (731915.0673590878 4713229.786649046),731915.0673590878,4713229.786649046,1.0,23.0
426,HARV_047,QURU,POINT (731916.8972528173 4713232.837377559),731916.8972528173,4713232.837377559,3.0,20.0
427,HARV_047,QURU,POINT (731922.233886751 4713231.409467142),731922.233886751,4713231.409467142,8.0,21.0
428,HARV_047,BEPA,POINT (731920.5540396271 4713229.756915174),731920.5540396271,4713229.756915174,6.0,23.0
429,HARV_047,BELE,POINT (731919.8585976895 4713228.695891167),731919.8585976895,4713228.695891167,6.0,24.0
430,HARV_047,QURU,POINT (731918.5538874584 4713227.2896545045),731918.5538874584,4713227.2896545045,4.0,25.0
431,HARV_047,BEPA,POINT (731921.4296500621 4713227.604451899),731921.4296500621,4713227.604451899,7.0,25.0
432,HARV_047,QURU,POINT (731914.7868757896 4713223.602426299),731914.7868757896,4713223.602426299,0.0,29.0
433,HARV_047,QURU,POINT (731919.8916236829 4713225.300468076),731919.8916236829,4713225.300468076,6.0,27.0
434,HARV_047,QUVE,POINT (731915.8399444553 4713221.971277959),731915.8399444553,4713221.971277959,2.0,31.0
435,HARV_047,QURU,POINT (731915.9884950898 4713217.858020825),731915.9884950898,4713217.858020825,2.0,35.0
436,HARV_047,QURU,POINT (731915.6075394189 4713216.70910154),731915.6075394189,4713216.70910154,1.0,36.0
437,HARV_047,QURU,POINT (731920.5600052497 4713214.560817114),731920.5600052497,4713214.560817114,6.0,38.0
438,HARV_047,QURU,POINT (731919.8748378989 4713216.123542528),731919.8748378989,4713216.123542528,6.0,37.0
439,HARV_047,ACRU,POINT (731923.6801476275 4713219.777164652),731923.6801476275,4713219.777164652,9.0,33.0
440,HARV_047,ACRU,POINT (731924.5479856036 4713216.766397074),731924.5479856036,4713216.766397074,10.0,36.0
441,HARV_047,ACRU,POINT (731929.0149434322 4713216.20574279),731929.0149434322,4713216.20574279,15.0,36.0
442,HARV_047,BEPA,POINT (731927.4310110533 4713221.319262397),731927.4310110533,4713221.319262397,13.0,31.0
443,HARV_047,BELE,POINT (731932.8833578412 4713218.982091692),731932.8833578412,4713218.982091692,19.0,34.0
444,HARV_047,BEPA,POINT (731927.3607678192 4713222.172825035),731927.3607678192,4713222.172825035,13.0,31.0
445,HARV_047,BEPA,POINT (731928.1103590033 4713223.939158908),731928.1103590033,4713223.939158908,14.0,29.0
446,HARV_047,QURU,POINT (731931.9866438892 4713226.25509223),731931.9866438892,4713226.25509223,18.0,26.0
447,HARV_047,BEPA,POINT (731933.3188737977 4713229.045205861),731933.3188737977,4713229.045205861,19.0,24.0
448,HARV_047,BEPA,POINT (731928.239139589 4713226.817473275),731928.239139589,4713226.817473275,14.0,26.0
449,HARV_047,QURU,POINT (731926.2509552671 4713230.376320212),731926.2509552671,4713230.376320212,12.0,22.0
450,HARV_047,BEPA,POINT (731926.4899518682 4713230.596477756),731926.4899518682,4713230.596477756,12.0,22.0
451,HARV_047,QURU,POINT (731930.996367256 4713230.690080392),731930.996367256,4713230.690080392,17.0,22.0
452,HARV_047,QURU,POINT (731933.6863595584 4713232.325866878),731933.6863595584,4713232.325866878,19.0,20.0
453,HARV_047,QURU,POINT (731940.6304511498 4713232.892676136),731940.6304511498,4713232.892676136,26.0,20.0
454,HARV_047,QURU,POINT (731946.9911917807 4713249.848528377),731946.9911917807,4713249.848528377,33.0,3.0
455,HARV_047,ACRU,POINT (731952.3264537686 4713248.582769644),731952.3264537686,4713248.582769644,38.0,4.0
456,HARV_047,ACRU,POINT (731949.6607566694 4713246.079600382),731949.6607566694,4713246.079600382,35.0,7.0
457,HARV_047,ACRU,POINT (731952.2895672114 4713240.504716901),731952.2895672114,4713240.504716901,38.0,12.0
458,HARV_047,ACRU,POINT (731950.0094623091 4713242.649009576),731950.0094623091,4713242.649009576,36.0,10.0
459,HARV_047,ACRU,POINT (731949.2530999139 4713235.852623167),731949.2530999139,4713235.852623167,35.0,17.0
460,HARV_047,ACRU,POINT (731948.2680583696 4713239.371304415),731948.2680583696,4713239.371304415,34.0,13.0
461,HARV_047,QURU,POINT (731946.2221632741 4713240.363000001),731946.2221632741,4713240.363000001,32.0,12.0
462,HARV_047,QURU,POINT (731945.3146993653 4713243.33107154),731945.3146993653,4713243.33107154,31.0,9.0
463,HARV_047,QURU,POINT (731945.2162321782 4713242.038861573),731945.2162321782,4713242.038861573,31.0,11.0
464,HARV_047,BEPA,POINT (731942.9506870618 4713234.477489824),731942.9506870618,4713234.477489824,29.0,18.0
465,HARV_047,QURU,POINT (731941.5502997722 4713234.379375679),731941.5502997722,4713234.379375679,27.0,18.0
466,HARV_047,QURU,POINT (731934.5674126241 4713235.916323367),731934.5674126241,4713235.916323367,20.0,17.0
467,HARV_047,PRSE2,POINT (731938.937115733 4713239.246988627),731938.937115733,4713239.246988627,25.0,13.0
468,HARV_047,QURU,POINT (731933.7167748817 4713241.97587466),731933.7167748817,4713241.97587466,19.0,11.0
469,HARV_047,QURU,POINT (731934.3452329953 4713245.0104708485),731934.3452329953,4713245.0104708485,20.0,8.0
470,HARV_047,QURU,POINT (731938.651367915 4713245.470656712),731938.651367915,4713245.470656712,24.0,7.0
471,HARV_047,ACRU,POINT (731943.0696447811 4713248.065896426),731943.0696447811,4713248.065896426,29.0,5.0
472,HARV_047,ACRU,POINT (731942.4847880646 4713248.199846496),731942.4847880646,4713248.199846496,28.0,5.0
473,HARV_047,ACRU,POINT (731944.3546317589 4713250.653387911),731944.3546317589,4713250.653387911,30.0,2.0
474,HARV_047,QURU,POINT (731941.2558422603 4713252.672370441),731941.2558422603,4713252.672370441,27.0,0.0
475,HARV_047,BEPA,POINT (731939.1036682044 4713251.372680445),731939.1036682044,4713251.372680445,25.0,1.0
476,HARV_047,QURU,POINT (731934.5068981661 4713253.6294564),731934.5068981661,4713253.6294564,20.0,0.0
477,HARV_047,ACRU,POINT (731935.0595075455 4713252.977436039),731935.0595075455,4713252.977436039,21.0,0.0
478,HARV_047,QURU,POINT (731932.9662230184 4713245.42165859),731932.9662230184,4713245.42165859,19.0,7.0
479,HARV_047,QURU,POINT (731922.6507991095 4713225.347648287),731922.6507991095,4713225.347648287,8.0,27.0
480,HARV_048,PIST,POINT (731744.5881541846 4713721.96641187),731744.5881541846,4713721.96641187,37.0,38.0
481,HARV_048,TSCA,POINT (731730.9246099405 4713730.454065447),731730.9246099405,4713730.454065447,23.0,29.0
482,HARV_048,TSCA,POINT (731727.1868567754 4713724.995633019),731727.1868567754,4713724.995633019,19.0,35.0
483,HARV_048,TSCA,POINT (731731.512539053 4713729.530245122),731731.512539053,4713729.530245122,24.0,30.0
484,HARV_048,TSCA,POINT (731745.4602486624 4713722.944302405),731745.4602486624,4713722.944302405,38.0,37.0
485,HARV_048,ACRU,POINT (731738.502786133 4713728.3849827815),731738.502786133,4713728.3849827815,31.0,31.0
486,HARV_048,ACRU,POINT (731744.9562315921 4713725.049921479),731744.9562315921,4713725.049921479,37.0,35.0
487,HARV_048,TSCA,POINT (731742.4078238454 4713732.526530361),731742.4078238454,4713732.526530361,35.0,27.0
488,HARV_048,PIST,POINT (731732.5829654702 4713735.665730967),731732.5829654702,4713735.665730967,25.0,24.0
489,HARV_048,TSCA,POINT (731736.9154858041 4713732.066795087),731736.9154858041,4713732.066795087,29.0,28.0
490,HARV_048,TSCA,POINT (731736.6292044693 4713733.865386041),731736.6292044693,4713733.865386041,29.0,26.0
491,HARV_048,ACRU,POINT (731738.6571763552 4713737.446280408),731738.6571763552,4713737.446280408,31.0,22.0
492,HARV_048,TSCA,POINT (731742.8563618731 4713736.806654206),731742.8563618731,4713736.806654206,35.0,23.0
493,HARV_048,ACRU,POINT (731742.0669136683 4713732.76258776),731742.0669136683,4713732.76258776,34.0,27.0
494,HARV_048,ACRU,POINT (731743.9429200003 4713734.868259191),731743.9429200003,4713734.868259191,36.0,25.0
495,HARV_048,BELE,POINT (731724.1347187079 4713741.009),731724.1347187079,4713741.009,16.0,19.0
496,HARV_048,ACRU,POINT (731707.755637898 4713745.061042872),731707.755637898,4713745.061042872,0.0,15.0
497,HARV_048,BELE,POINT (731714.5984799156 4713746.232552101),731714.5984799156,4713746.232552101,7.0,13.0
498,HARV_048,QURU,POINT (731722.9081819751 4713750.76927348),731722.9081819751,4713750.76927348,15.0,9.0
499,HARV_048,QURU,POINT (731722.2547382604 4713755.342983853),731722.2547382604,4713755.342983853,15.0,4.0
500,HARV_048,QURU,POINT (731706.2237887713 4713753.017912837),731706.2237887713,4713753.017912837,0.0,7.0
501,HARV_048,QURU,POINT (731711.7883223293 4713753.891610624),731711.7883223293,4713753.891610624,4.0,6.0
502,HARV_048,ACRU,POINT (731709.5092739811 4713746.7624034425),731709.5092739811,4713746.7624034425,2.0,13.0
503,HARV_048,ACRU,POINT (731708.9691546963 4713748.726331186),731708.9691546963,4713748.726331186,1.0,11.0
504,HARV_048,BELE,POINT (731709.5241509711 4713750.23503134),731709.5241509711,4713750.23503134,2.0,9.0
505,HARV_048,BELE,POINT (731713.839452196 4713753.317766734),731713.839452196,4713753.317766734,6.0,6.0
506,HARV_048,ACRU,POINT (731712.0898020958 4713749.044037718),731712.0898020958,4713749.044037718,4.0,11.0
507,HARV_048,QURU,POINT (731718.323006785 4713752.067055707),731718.323006785,4713752.067055707,11.0,8.0
508,HARV_048,FRAM2,POINT (731733.3473900002 4713724.673810637),731733.3473900002,4713724.673810637,26.0,35.0
509,HARV_048,TSCA,POINT (731730.1541119819 4713724.9041215405),731730.1541119819,4713724.9041215405,22.0,35.0
510,HARV_048,TSCA,POINT (731734.8514800674 4713726.747094941),731734.8514800674,4713726.747094941,27.0,33.0
511,HARV_048,TSCA,POINT (731732.544234414 4713727.767377477),731732.544234414,4713727.767377477,25.0,32.0
512,HARV_048,TSCA,POINT (731737.892254082 4713725.064696),731737.892254082,4713725.064696,30.0,35.0
513,HARV_049,ACRU,POINT (731615.8836460536 4713039.112549407),731615.8836460536,4713039.112549407,31.0,35.0
514,HARV_049,ACRU,POINT (731614.1938855575 4713035.329738843),731614.1938855575,4713035.329738843,29.0,38.0
515,HARV_049,TSCA,POINT (731613.7446689578 4713034.962092247),731613.7446689578,4713034.962092247,28.0,39.0
516,HARV_049,TSCA,POINT (731607.303411963 4713039.777033671),731607.303411963,4713039.777033671,22.0,34.0
517,HARV_049,ACRU,POINT (731611.7295998461 4713071.11374485),731611.7295998461,4713071.11374485,26.0,3.0
518,HARV_049,TSCA,POINT (731614.5678813115 4713070.343563335),731614.5678813115,4713070.343563335,29.0,3.0
519,HARV_049,TSCA,POINT (731619.3983467488 4713066.202388611),731619.3983467488,4713066.202388611,34.0,8.0
520,HARV_049,TSCA,POINT (731619.623268545 4713063.982652471),731619.623268545,4713063.982652471,34.0,10.0
521,HARV_049,ACRU,POINT (731624.664451605 4713056.4431369975),731624.664451605,4713056.4431369975,39.0,17.0
522,HARV_049,ACRU,POINT (731617.9368728823 4713059.092053571),731617.9368728823,4713059.092053571,33.0,15.0
523,HARV_049,TSCA,POINT (731616.8711220649 4713061.258874297),731616.8711220649,4713061.258874297,32.0,13.0
524,HARV_049,ACRU,POINT (731608.2367395889 4713065.104022706),731608.2367395889,4713065.104022706,23.0,9.0
525,HARV_049,TSCA,POINT (731613.8293051142 4713057.697637058),731613.8293051142,4713057.697637058,29.0,16.0
526,HARV_049,TSCA,POINT (731609.05869702 4713053.360459651),731609.05869702,4713053.360459651,24.0,20.0
527,HARV_049,PIST,POINT (731609.952147804 4713050.770290416),731609.952147804,4713050.770290416,25.0,23.0
528,HARV_049,ACRU,POINT (731611.5426231965 4713047.682449329),731611.5426231965,4713047.682449329,26.0,26.0
529,HARV_049,TSCA,POINT (731615.8479019089 4713050.856431075),731615.8479019089,4713050.856431075,31.0,23.0
530,HARV_049,TSCA,POINT (731618.6276082976 4713046.334954754),731618.6276082976,4713046.334954754,33.0,27.0
531,HARV_049,TSCA,POINT (731624.564281223 4713051.410563323),731624.564281223,4713051.410563323,39.0,22.0
532,HARV_049,BEAL2,POINT (731623.556151484 4713049.1551761),731623.556151484,4713049.1551761,38.0,25.0
533,HARV_049,TSCA,POINT (731625.1371460278 4713047.337236899),731625.1371460278,4713047.337236899,40.0,26.0
534,HARV_049,BEPA,POINT (731625.3139578996 4713043.173498397),731625.3139578996,4713043.173498397,40.0,31.0
535,HARV_049,TSCA,POINT (731619.4327718073 4713046.267141999),731619.4327718073,4713046.267141999,34.0,28.0
536,HARV_049,TSCA,POINT (731621.9811587898 4713043.429410251),731621.9811587898,4713043.429410251,37.0,30.0
537,HARV_049,TSCA,POINT (731625.7476146326 4713042.323235122),731625.7476146326,4713042.323235122,40.0,31.0
538,HARV_049,ACRU,POINT (731622.4339232888 4713041.181129192),731622.4339232888,4713041.181129192,37.0,33.0
539,HARV_049,QURU,POINT (731615.645109797 4713039.233106216),731615.645109797,4713039.233106216,30.0,35.0
540,HARV_049,TSCA,POINT (731614.3308853311 4713043.514592566),731614.3308853311,4713043.514592566,29.0,30.0
541,HARV_049,FAGR,POINT (731606.6909930891 4713046.741889881),731606.6909930891,4713046.741889881,21.0,27.0
542,HARV_049,TSCA,POINT (731626.0464193069 4713060.7232992025),731626.0464193069,4713060.7232992025,41.0,13.0
543,HARV_049,TSCA,POINT (731625.8933803521 4713053.321735258),731625.8933803521,4713053.321735258,41.0,20.0
544,HARV_050,BELE,POINT (731635.549934585 4713164.097935904),731635.549934585,4713164.097935904,20.0,33.0
545,HARV_050,ACRU,POINT (731634.3880563923 4713157.777700823),731634.3880563923,4713157.777700823,19.0,39.0
546,HARV_050,ACRU,POINT (731633.3184679885 4713175.605137732),731633.3184679885,4713175.605137732,18.0,21.0
547,HARV_050,QURU,POINT (731633.0544767157 4713168.568989361),731633.0544767157,4713168.568989361,17.0,28.0
548,HARV_050,BELE,POINT (731629.5104836649 4713171.722542471),731629.5104836649,4713171.722542471,14.0,25.0
549,HARV_050,BELE,POINT (731631.2645397095 4713170.100843087),731631.2645397095,4713170.100843087,16.0,27.0
550,HARV_050,ACRU,POINT (731634.0685150228 4713170.078615033),731634.0685150228,4713170.078615033,18.0,27.0
551,HARV_050,BEAL2,POINT (731633.2155567937 4713173.998394013),731633.2155567937,4713173.998394013,18.0,23.0
552,HARV_050,QURU,POINT (731653.0858892116 4713191.814690585),731653.0858892116,4713191.814690585,37.0,5.0
553,HARV_050,PIST,POINT (731653.2640611096 4713186.689727949),731653.2640611096,4713186.689727949,38.0,10.0
554,HARV_050,QURU,POINT (731653.759403364 4713183.04355154),731653.759403364,4713183.04355154,38.0,14.0
555,HARV_050,ACRU,POINT (731650.7762486666 4713178.862171625),731650.7762486666,4713178.862171625,35.0,18.0
556,HARV_050,TSCA,POINT (731648.7346897565 4713182.924879715),731648.7346897565,4713182.924879715,33.0,14.0
557,HARV_050,ACRU,POINT (731648.7834131542 4713189.639754551),731648.7834131542,4713189.639754551,33.0,7.0
558,HARV_050,QURU,POINT (731644.967761057 4713195.559897558),731644.967761057,4713195.559897558,29.0,1.0
559,HARV_050,ACRU,POINT (731644.0583183105 4713191.520339129),731644.0583183105,4713191.520339129,28.0,5.0
560,HARV_050,ACRU,POINT (731644.4977374158 4713184.582404575),731644.4977374158,4713184.582404575,29.0,12.0
561,HARV_050,ACRU,POINT (731646.2385245229 4713178.434045425),731646.2385245229,4713178.434045425,31.0,18.0
562,HARV_050,QURU,POINT (731644.9465235786 4713178.755821055),731644.9465235786,4713178.755821055,29.0,18.0
563,HARV_050,PIST,POINT (731640.3203469065 4713193.012835152),731640.3203469065,4713193.012835152,25.0,4.0
564,HARV_050,QURU,POINT (731636.1214322551 4713183.920807925),731636.1214322551,4713183.920807925,20.0,13.0
565,HARV_050,QURU,POINT (731617.5467414872 4713176.429856684),731617.5467414872,4713176.429856684,2.0,20.0
566,HARV_050,BEPA,POINT (731627.6231645797 4713162.15563593),731627.6231645797,4713162.15563593,12.0,35.0
567,HARV_050,ACRU,POINT (731626.4990739092 4713160.9506687485),731626.4990739092,4713160.9506687485,11.0,36.0
568,HARV_050,BELE,POINT (731624.4118581846 4713160.600775407),731624.4118581846,4713160.600775407,9.0,36.0
569,HARV_050,QURU,POINT (731623.9071500864 4713172.759815756),731623.9071500864,4713172.759815756,8.0,24.0
570,HARV_050,ACRU,POINT (731622.7024775022 4713172.9157758765),731622.7024775022,4713172.9157758765,7.0,24.0
571,HARV_050,QURU,POINT (731619.4156564872 4713173.965102694),731619.4156564872,4713173.965102694,4.0,23.0
572,HARV_050,QURU,POINT (731616.3679601961 4713161.419489672),731616.3679601961,4713161.419489672,1.0,35.0
573,HARV_050,ACRU,POINT (731633.2799189802 4713154.577590911),731633.2799189802,4713154.577590911,18.0,42.0
574,HARV_051,ACRU,POINT (731642.6664413663 4712945.171157872),731642.6664413663,4712945.171157872,1.0,10.0
575,HARV_051,ACRU,POINT (731643.6181178046 4712943.845029927),731643.6181178046,4712943.845029927,2.0,11.0
576,HARV_051,ACRU,POINT (731644.8506510274 4712943.420634704),731644.8506510274,4712943.420634704,3.0,11.0
577,HARV_051,ACRU,POINT (731644.7104312517 4712941.052223726),731644.7104312517,4712941.052223726,3.0,14.0
578,HARV_051,ACRU,POINT (731654.8557661675 4712935.4128105),731654.8557661675,4712935.4128105,13.0,19.0
579,HARV_051,QURU,POINT (731648.3722151599 4712939.358536181),731648.3722151599,4712939.358536181,7.0,15.0
580,HARV_051,QURU,POINT (731654.776163015 4712945.510131966),731654.776163015,4712945.510131966,13.0,9.0
581,HARV_051,QURU,POINT (731656.6988542663 4712945.553546354),731656.6988542663,4712945.553546354,15.0,9.0
582,HARV_051,ACRU,POINT (731657.2313748758 4712950.286548558),731657.2313748758,4712950.286548558,16.0,4.0
583,HARV_051,ACRU,POINT (731656.2220198122 4712950.201419362),731656.2220198122,4712950.201419362,15.0,4.0
584,HARV_051,QURU,POINT (731648.8418100416 4712938.96832186),731648.8418100416,4712938.96832186,7.0,16.0
585,HARV_051,ACRU,POINT (731646.6234677851 4712940.652887131),731646.6234677851,4712940.652887131,5.0,14.0
586,HARV_051,QURU,POINT (731647.100709201 4712944.111402639),731647.100709201,4712944.111402639,6.0,11.0
587,HARV_051,QURU,POINT (731647.1619271555 4712947.746106566),731647.1619271555,4712947.746106566,6.0,7.0
588,HARV_051,ACRU,POINT (731638.8199967785 4712946.67424518),731638.8199967785,4712946.67424518,-2.0,8.0
589,HARV_051,ACRU,POINT (731660.4542200213 4712919.952436268),731660.4542200213,4712919.952436268,19.0,35.0
590,HARV_051,QURU,POINT (731668.4026543155 4712918.656478602),731668.4026543155,4712918.656478602,27.0,36.0
591,HARV_051,QURU,POINT (731678.8229063629 4712920.538558315),731678.8229063629,4712920.538558315,37.0,34.0
592,HARV_051,QURU,POINT (731671.6338872743 4712924.034153318),731671.6338872743,4712924.034153318,30.0,31.0
593,HARV_051,QURU,POINT (731678.365290285 4712924.805787166),731678.365290285,4712924.805787166,37.0,30.0
594,HARV_051,QURU,POINT (731679.1721904075 4712929.495452842),731679.1721904075,4712929.495452842,38.0,25.0
595,HARV_051,QURU,POINT (731680.6198506956 4712931.961753462),731680.6198506956,4712931.961753462,39.0,23.0
596,HARV_051,QURU,POINT (731675.7001262645 4712932.51191294),731675.7001262645,4712932.51191294,34.0,22.0
597,HARV_051,QURU,POINT (731663.971642419 4712925.302962431),731663.971642419,4712925.302962431,22.0,29.0
598,HARV_051,ACRU,POINT (731667.664125135 4712926.48468905),731667.664125135,4712926.48468905,26.0,28.0
599,HARV_051,ACRU,POINT (731668.3282613797 4712931.732768483),731668.3282613797,4712931.732768483,27.0,23.0
600,HARV_051,ACRU,POINT (731663.99259643 4712931.626008231),731663.99259643,4712931.626008231,22.0,23.0
601,HARV_052,FAGR,POINT (731846.291720883 4713819.495483978),731846.291720883,4713819.495483978,23.0,36.0
602,HARV_052,FAGR,POINT (731849.3344167423 4713817.241063985),731849.3344167423,4713817.241063985,26.0,39.0
603,HARV_052,FAGR,POINT (731850.3476929667 4713817.431931569),731850.3476929667,4713817.431931569,27.0,38.0
604,HARV_052,BEAL2,POINT (731852.8386529874 4713823.249037746),731852.8386529874,4713823.249037746,29.0,33.0
605,HARV_052,ACRU,POINT (731858.3098609992 4713822.4711306365),731858.3098609992,4713822.4711306365,35.0,33.0
606,HARV_052,ACRU,POINT (731851.3794718205 4713829.732000001),731851.3794718205,4713829.732000001,28.0,26.0
607,HARV_052,BEAL2,POINT (731853.1128492147 4713835.024404398),731853.1128492147,4713835.024404398,30.0,21.0
608,HARV_052,QURU,POINT (731858.2389326788 4713831.749502985),731858.2389326788,4713831.749502985,35.0,24.0
609,HARV_052,FRAM2,POINT (731863.5912251401 4713827.590277026),731863.5912251401,4713827.590277026,40.0,28.0
610,HARV_052,TSCA,POINT (731862.0242762257 4713824.915386973),731862.0242762257,4713824.915386973,38.0,31.0
611,HARV_052,ACRU,POINT (731862.9054808328 4713823.152989948),731862.9054808328,4713823.152989948,39.0,33.0
612,HARV_052,ACRU,POINT (731859.6957473702 4713827.203228192),731859.6957473702,4713827.203228192,36.0,29.0
613,HARV_052,ACRU,POINT (731858.278984488 4713828.460243559),731858.278984488,4713828.460243559,35.0,27.0
614,HARV_052,ACRU,POINT (731844.1029538483 4713839.88617357),731844.1029538483,4713839.88617357,21.0,16.0
615,HARV_052,TSCA,POINT (731851.5671544289 4713836.749022506),731851.5671544289,4713836.749022506,28.0,19.0
616,HARV_052,ACRU,POINT (731861.1420225905 4713838.533182588),731861.1420225905,4713838.533182588,38.0,17.0
617,HARV_052,BEAL2,POINT (731859.3348119393 4713841.882166239),731859.3348119393,4713841.882166239,36.0,14.0
618,HARV_052,TSCA,POINT (731851.9176142549 4713851.365920527),731851.9176142549,4713851.365920527,28.0,4.0
619,HARV_052,TSCA,POINT (731851.1238008093 4713853.175073063),731851.1238008093,4713853.175073063,28.0,3.0
620,HARV_052,TSCA,POINT (731848.7298361735 4713840.575403231),731848.7298361735,4713840.575403231,25.0,15.0
621,HARV_052,BEAL2,POINT (731854.8829946867 4713845.285330279),731854.8829946867,4713845.285330279,31.0,11.0
622,HARV_052,BEAL2,POINT (731860.9989196552 4713848.354948166),731860.9989196552,4713848.354948166,37.0,7.0
623,HARV_052,TSCA,POINT (731840.1047051264 4713847.286233337),731840.1047051264,4713847.286233337,17.0,9.0
